{"is_source_file": true, "format": "TypeScript", "description": "Angular component for user login page, handling form validation, submission, navigation, and error display.", "external_files": ["../../core/auth.service", "./login.component.html"], "external_methods": ["AuthService.login", "Router.navigateByUrl", "ActivatedRoute.snapshot.queryParamMap.get"], "published": [], "classes": [{"name": "LoginComponent", "description": "Angular component managing user login interface, form state, and navigation."}], "methods": [{"name": "ngAfterViewInit", "description": "Sets focus to the page title element after the view initializes."}, {"name": "onSubmit", "description": "Handles form submission, calls login service, manages navigation or error display."}, {"name": "fieldError", "description": "Returns validation error messages for username and password fields."}], "calls": ["this.auth.login", "this.router.navigateByUrl", "this.route.snapshot.queryParamMap.get"], "search-terms": ["Angular login component", "Reactive form validation", "AuthService login", "Navigation after login", "view child focus", "form group", "server error handling"], "state": 2, "file_id": 7, "knowledge_revision": 31, "git_revision": "572d1492b8f8014349a5049ff496bf53090f88a6", "ctags": [{"_type": "tag", "name": "LoginComponent", "path": "/home/kavia/workspace/code-generation/sample-login-19753-21122/AngularFrontend/src/app/pages/login/login.component.ts", "pattern": "/^export class LoginComponent {$/", "language": "TypeScript", "kind": "class"}, {"_type": "tag", "name": "auth", "path": "/home/kavia/workspace/code-generation/sample-login-19753-21122/AngularFrontend/src/app/pages/login/login.component.ts", "pattern": "/^  private readonly auth = inject(AuthService);$/", "language": "TypeScript", "kind": "property", "scope": "LoginComponent", "scopeKind": "class"}, {"_type": "tag", "name": "c", "path": "/home/kavia/workspace/code-generation/sample-login-19753-21122/AngularFrontend/src/app/pages/login/login.component.ts", "pattern": "/^    const c = this.form.controls[id];$/", "language": "TypeScript", "kind": "constant"}, {"_type": "tag", "name": "id", "path": "/home/kavia/workspace/code-generation/sample-login-19753-21122/AngularFrontend/src/app/pages/login/login.component.ts", "pattern": "/^    const c = this.form.controls[id];$/", "language": "TypeScript", "kind": "constant"}, {"_type": "tag", "name": "max", "path": "/home/kavia/workspace/code-generation/sample-login-19753-21122/AngularFrontend/src/app/pages/login/login.component.ts", "pattern": "/^      const max = id === 'username' ? 64 : 128;$/", "language": "TypeScript", "kind": "constant"}, {"_type": "tag", "name": "min", "path": "/home/kavia/workspace/code-generation/sample-login-19753-21122/AngularFrontend/src/app/pages/login/login.component.ts", "pattern": "/^      const min = id === 'username' ? 3 : 8;$/", "language": "TypeScript", "kind": "constant"}, {"_type": "tag", "name": "payload", "path": "/home/kavia/workspace/code-generation/sample-login-19753-21122/AngularFrontend/src/app/pages/login/login.component.ts", "pattern": "/^    const payload = this.form.getRawValue();$/", "language": "TypeScript", "kind": "constant"}, {"_type": "tag", "name": "returnUrl", "path": "/home/kavia/workspace/code-generation/sample-login-19753-21122/AngularFrontend/src/app/pages/login/login.component.ts", "pattern": "/^        const returnUrl = this.route.snapshot.queryParamMap.get('returnUrl') || '\\/dashboard';$/", "language": "TypeScript", "kind": "constant"}], "hash": "f8a1f5681344ea3f79047a049c910238", "format-version": 4, "code-base-name": "AngularFrontend", "filename": "AngularFrontend/src/app/pages/login/login.component.ts", "fields": [{"name": "private readonly auth = inject(AuthService);", "scope": "LoginComponent", "scopeKind": "class", "description": "unavailable"}], "revision_history": [{"31": "572d1492b8f8014349a5049ff496bf53090f88a6"}]}