{"is_source_file": false, "format": null, "description": "", "external_files": [], "external_methods": [], "published": [], "classes": [], "methods": [], "calls": [], "search-terms": [], "state": 2, "file_id": 20, "knowledge_revision": 44, "git_revision": "572d1492b8f8014349a5049ff496bf53090f88a6", "hash": "1c688b88cd2bbdd250f15fbfc4098056", "format-version": 4, "code-base-name": "AngularFrontend", "filename": "AngularFrontend/src/styles.css", "revision_history": [{"44": "572d1492b8f8014349a5049ff496bf53090f88a6"}]}