{"is_source_file": true, "file_id": 4, "git_revision": "", "state": 1, "description": "", "external_files": [], "external_methods": [], "published": [], "classes": [], "methods": [], "calls": [], "search-terms": [], "ctags": [{"_type": "tag", "name": "AuthService", "path": "/home/kavia/workspace/code-generation/sample-login-19753-21122/AngularFrontend/src/app/core/auth.service.ts", "pattern": "/^export class AuthService {$/", "language": "TypeScript", "kind": "class"}, {"_type": "tag", "name": "TOKEN_STORAGE_KEY", "path": "/home/kavia/workspace/code-generation/sample-login-19753-21122/AngularFrontend/src/app/core/auth.service.ts", "pattern": "/^const TOKEN_STORAGE_KEY = 'sample_login_jwt';$/", "language": "TypeScript", "kind": "constant"}, {"_type": "tag", "name": "anyErr", "path": "/home/kavia/workspace/code-generation/sample-login-19753-21122/AngularFrontend/src/app/core/auth.service.ts", "pattern": "/^  const anyErr = err as any;$/", "language": "TypeScript", "kind": "constant", "scope": "toErrorResponse", "scopeKind": "function"}, {"_type": "tag", "name": "anyErr", "path": "/home/kavia/workspace/code-generation/sample-login-19753-21122/AngularFrontend/src/app/core/auth.service.ts", "pattern": "/^  const status: number | undefined = typeof anyErr?.status === 'number' ? anyErr.status : undefi/", "language": "TypeScript", "kind": "constant", "scope": "toErrorResponse", "scopeKind": "function"}, {"_type": "tag", "name": "apiError", "path": "/home/kavia/workspace/code-generation/sample-login-19753-21122/AngularFrontend/src/app/core/auth.service.ts", "pattern": "/^  const apiError = anyErr?.error;$/", "language": "TypeScript", "kind": "constant", "scope": "toErrorResponse", "scopeKind": "function"}, {"_type": "tag", "name": "apiUrl", "path": "/home/kavia/workspace/code-generation/sample-login-19753-21122/AngularFrontend/src/app/core/auth.service.ts", "pattern": "/^  private apiUrl(path: string): string {$/", "language": "TypeScript", "kind": "method", "scope": "AuthService", "scopeKind": "class"}, {"_type": "tag", "name": "base", "path": "/home/kavia/workspace/code-generation/sample-login-19753-21122/AngularFrontend/src/app/core/auth.service.ts", "pattern": "/^    const base = environment.apiBaseUrl.replace(\\/\\\\\\/+$\\/, '');$/", "language": "TypeScript", "kind": "constant", "scope": "AuthService.apiUrl", "scopeKind": "method"}, {"_type": "tag", "name": "clearToken", "path": "/home/kavia/workspace/code-generation/sample-login-19753-21122/AngularFrontend/src/app/core/auth.service.ts", "pattern": "/^  private clearToken(): void {$/", "language": "TypeScript", "kind": "method", "scope": "AuthService", "scopeKind": "class"}, {"_type": "tag", "name": "er", "path": "/home/kavia/workspace/code-generation/sample-login-19753-21122/AngularFrontend/src/app/core/auth.service.ts", "pattern": "/^        const er = toErrorResponse(err);$/", "language": "TypeScript", "kind": "constant", "scope": "AuthService.forgotPassword", "scopeKind": "method"}, {"_type": "tag", "name": "er", "path": "/home/kavia/workspace/code-generation/sample-login-19753-21122/AngularFrontend/src/app/core/auth.service.ts", "pattern": "/^        const er = toErrorResponse(err);$/", "language": "TypeScript", "kind": "constant", "scope": "AuthService.getDashboard", "scopeKind": "method"}, {"_type": "tag", "name": "er", "path": "/home/kavia/workspace/code-generation/sample-login-19753-21122/AngularFrontend/src/app/core/auth.service.ts", "pattern": "/^        const er = toErrorResponse(err);$/", "language": "TypeScript", "kind": "constant", "scope": "AuthService.login", "scopeKind": "method"}, {"_type": "tag", "name": "er", "path": "/home/kavia/workspace/code-generation/sample-login-19753-21122/AngularFrontend/src/app/core/auth.service.ts", "pattern": "/^        const er = toErrorResponse(err);$/", "language": "TypeScript", "kind": "constant", "scope": "AuthService.logout", "scopeKind": "method"}, {"_type": "tag", "name": "er", "path": "/home/kavia/workspace/code-generation/sample-login-19753-21122/AngularFrontend/src/app/core/auth.service.ts", "pattern": "/^        const er = toErrorResponse(err);$/", "language": "TypeScript", "kind": "constant", "scope": "AuthService.resetPassword", "scopeKind": "method"}, {"_type": "tag", "name": "errorMessageFrom", "path": "/home/kavia/workspace/code-generation/sample-login-19753-21122/AngularFrontend/src/app/core/auth.service.ts", "pattern": "/^function errorMessageFrom(err: ErrorResponse): string {$/", "language": "TypeScript", "kind": "function"}, {"_type": "tag", "name": "forgotPassword", "path": "/home/kavia/workspace/code-generation/sample-login-19753-21122/AngularFrontend/src/app/core/auth.service.ts", "pattern": "/^  forgotPassword(payload: ForgotPasswordRequest): Observable<ForgotPasswordResponse> {$/", "language": "TypeScript", "kind": "method", "scope": "AuthService", "scopeKind": "class"}, {"_type": "tag", "name": "getDashboard", "path": "/home/kavia/workspace/code-generation/sample-login-19753-21122/AngularFrontend/src/app/core/auth.service.ts", "pattern": "/^  getDashboard(): Observable<DashboardResponse> {$/", "language": "TypeScript", "kind": "method", "scope": "AuthService", "scopeKind": "class"}, {"_type": "tag", "name": "getToken", "path": "/home/kavia/workspace/code-generation/sample-login-19753-21122/AngularFrontend/src/app/core/auth.service.ts", "pattern": "/^  getToken(): string | null {$/", "language": "TypeScript", "kind": "method", "scope": "AuthService", "scopeKind": "class"}, {"_type": "tag", "name": "hasToken", "path": "/home/kavia/workspace/code-generation/sample-login-19753-21122/AngularFrontend/src/app/core/auth.service.ts", "pattern": "/^  private hasToken(): boolean {$/", "language": "TypeScript", "kind": "method", "scope": "AuthService", "scopeKind": "class"}, {"_type": "tag", "name": "isLoggedIn", "path": "/home/kavia/workspace/code-generation/sample-login-19753-21122/AngularFrontend/src/app/core/auth.service.ts", "pattern": "/^  isLoggedIn(): boolean {$/", "language": "TypeScript", "kind": "method", "scope": "AuthService", "scopeKind": "class"}, {"_type": "tag", "name": "loggedInSubject", "path": "/home/kavia/workspace/code-generation/sample-login-19753-21122/AngularFrontend/src/app/core/auth.service.ts", "pattern": "/^  private readonly loggedInSubject = new BehaviorSubject<boolean>(this.hasToken());$/", "language": "TypeScript", "kind": "property", "scope": "AuthService", "scopeKind": "class"}, {"_type": "tag", "name": "login", "path": "/home/kavia/workspace/code-generation/sample-login-19753-21122/AngularFrontend/src/app/core/auth.service.ts", "pattern": "/^  login(payload: LoginRequest): Observable<LoginResponse> {$/", "language": "TypeScript", "kind": "method", "scope": "AuthService", "scopeKind": "class"}, {"_type": "tag", "name": "logout", "path": "/home/kavia/workspace/code-generation/sample-login-19753-21122/AngularFrontend/src/app/core/auth.service.ts", "pattern": "/^  logout(): Observable<LogoutResponse> {$/", "language": "TypeScript", "kind": "method", "scope": "AuthService", "scopeKind": "class"}, {"_type": "tag", "name": "p", "path": "/home/kavia/workspace/code-generation/sample-login-19753-21122/AngularFrontend/src/app/core/auth.service.ts", "pattern": "/^    const p = path.startsWith('\\/') ? path : `\\/${path}`;$/", "language": "TypeScript", "kind": "constant", "scope": "AuthService.apiUrl", "scopeKind": "method"}, {"_type": "tag", "name": "readTokenFromStorage", "path": "/home/kavia/workspace/code-generation/sample-login-19753-21122/AngularFrontend/src/app/core/auth.service.ts", "pattern": "/^  private readTokenFromStorage(): string | null {$/", "language": "TypeScript", "kind": "method", "scope": "AuthService", "scopeKind": "class"}, {"_type": "tag", "name": "resetPassword", "path": "/home/kavia/workspace/code-generation/sample-login-19753-21122/AngularFrontend/src/app/core/auth.service.ts", "pattern": "/^  resetPassword(payload: ResetPasswordRequest): Observable<ResetPasswordResponse> {$/", "language": "TypeScript", "kind": "method", "scope": "AuthService", "scopeKind": "class"}, {"_type": "tag", "name": "setToken", "path": "/home/kavia/workspace/code-generation/sample-login-19753-21122/AngularFrontend/src/app/core/auth.service.ts", "pattern": "/^  private setToken(token: string): void {$/", "language": "TypeScript", "kind": "method", "scope": "AuthService", "scopeKind": "class"}, {"_type": "tag", "name": "status", "path": "/home/kavia/workspace/code-generation/sample-login-19753-21122/AngularFrontend/src/app/core/auth.service.ts", "pattern": "/^  const status: number | undefined = typeof anyErr?.status === 'number' ? anyErr.status : undefi/", "language": "TypeScript", "kind": "constant", "scope": "toErrorResponse", "scopeKind": "function"}, {"_type": "tag", "name": "stored", "path": "/home/kavia/workspace/code-generation/sample-login-19753-21122/AngularFrontend/src/app/core/auth.service.ts", "pattern": "/^    const stored = this.readTokenFromStorage();$/", "language": "TypeScript", "kind": "constant", "scope": "AuthService.this", "scopeKind": "method"}, {"_type": "tag", "name": "this", "path": "/home/kavia/workspace/code-generation/sample-login-19753-21122/AngularFrontend/src/app/core/auth.service.ts", "pattern": "/^  private readonly loggedInSubject = new BehaviorSubject<boolean>(this.hasToken());$/", "language": "TypeScript", "kind": "method", "scope": "AuthService", "scopeKind": "class"}, {"_type": "tag", "name": "toErrorResponse", "path": "/home/kavia/workspace/code-generation/sample-login-19753-21122/AngularFrontend/src/app/core/auth.service.ts", "pattern": "/^function toErrorResponse(err: unknown): ErrorResponse {$/", "language": "TypeScript", "kind": "function"}, {"_type": "tag", "name": "tokenInMemory", "path": "/home/kavia/workspace/code-generation/sample-login-19753-21122/AngularFrontend/src/app/core/auth.service.ts", "pattern": "/^  private tokenInMemory: string | null = null;$/", "language": "TypeScript", "kind": "property", "scope": "AuthService", "scopeKind": "class"}], "format": "TypeScript", "hash": "df984dc2e0c8219b3653cd5195c35f46", "format-version": 4, "code-base-name": "AngularFrontend", "filename": "AngularFrontend/src/app/core/auth.service.ts", "knowledge_revision": 8}