{"is_source_file": true, "file_id": 3, "git_revision": "", "state": 1, "description": "", "external_files": [], "external_methods": [], "published": [], "classes": [], "methods": [], "calls": [], "search-terms": [], "ctags": [{"_type": "tag", "name": "DashboardResponse", "path": "/home/kavia/workspace/code-generation/sample-login-19753-21122/AngularFrontend/src/app/core/api-types.ts", "pattern": "/^export interface DashboardResponse {$/", "language": "TypeScript", "kind": "interface"}, {"_type": "tag", "name": "ErrorResponse", "path": "/home/kavia/workspace/code-generation/sample-login-19753-21122/AngularFrontend/src/app/core/api-types.ts", "pattern": "/^export interface ErrorResponse {$/", "language": "TypeScript", "kind": "interface"}, {"_type": "tag", "name": "ForgotPasswordRequest", "path": "/home/kavia/workspace/code-generation/sample-login-19753-21122/AngularFrontend/src/app/core/api-types.ts", "pattern": "/^export interface ForgotPasswordRequest {$/", "language": "TypeScript", "kind": "interface"}, {"_type": "tag", "name": "ForgotPasswordResponse", "path": "/home/kavia/workspace/code-generation/sample-login-19753-21122/AngularFrontend/src/app/core/api-types.ts", "pattern": "/^export interface ForgotPasswordResponse {$/", "language": "TypeScript", "kind": "interface"}, {"_type": "tag", "name": "LoginRequest", "path": "/home/kavia/workspace/code-generation/sample-login-19753-21122/AngularFrontend/src/app/core/api-types.ts", "pattern": "/^export interface LoginRequest {$/", "language": "TypeScript", "kind": "interface"}, {"_type": "tag", "name": "LoginResponse", "path": "/home/kavia/workspace/code-generation/sample-login-19753-21122/AngularFrontend/src/app/core/api-types.ts", "pattern": "/^export interface LoginResponse {$/", "language": "TypeScript", "kind": "interface"}, {"_type": "tag", "name": "LogoutResponse", "path": "/home/kavia/workspace/code-generation/sample-login-19753-21122/AngularFrontend/src/app/core/api-types.ts", "pattern": "/^export interface LogoutResponse {$/", "language": "TypeScript", "kind": "interface"}, {"_type": "tag", "name": "ResetPasswordRequest", "path": "/home/kavia/workspace/code-generation/sample-login-19753-21122/AngularFrontend/src/app/core/api-types.ts", "pattern": "/^export interface ResetPasswordRequest {$/", "language": "TypeScript", "kind": "interface"}, {"_type": "tag", "name": "ResetPasswordResponse", "path": "/home/kavia/workspace/code-generation/sample-login-19753-21122/AngularFrontend/src/app/core/api-types.ts", "pattern": "/^export interface ResetPasswordResponse {$/", "language": "TypeScript", "kind": "interface"}, {"_type": "tag", "name": "email", "path": "/home/kavia/workspace/code-generation/sample-login-19753-21122/AngularFrontend/src/app/core/api-types.ts", "pattern": "/^  email: string;$/", "language": "TypeScript", "kind": "property", "scope": "ForgotPasswordRequest", "scopeKind": "interface"}, {"_type": "tag", "name": "error", "path": "/home/kavia/workspace/code-generation/sample-login-19753-21122/AngularFrontend/src/app/core/api-types.ts", "pattern": "/^  error?: {$/", "language": "TypeScript", "kind": "property", "scope": "ErrorResponse", "scopeKind": "interface"}, {"_type": "tag", "name": "expiresIn", "path": "/home/kavia/workspace/code-generation/sample-login-19753-21122/AngularFrontend/src/app/core/api-types.ts", "pattern": "/^  expiresIn: number;$/", "language": "TypeScript", "kind": "property", "scope": "LoginResponse", "scopeKind": "interface"}, {"_type": "tag", "name": "message", "path": "/home/kavia/workspace/code-generation/sample-login-19753-21122/AngularFrontend/src/app/core/api-types.ts", "pattern": "/^  message: string;$/", "language": "TypeScript", "kind": "property", "scope": "ForgotPasswordResponse", "scopeKind": "interface"}, {"_type": "tag", "name": "message", "path": "/home/kavia/workspace/code-generation/sample-login-19753-21122/AngularFrontend/src/app/core/api-types.ts", "pattern": "/^  message: string;$/", "language": "TypeScript", "kind": "property", "scope": "LogoutResponse", "scopeKind": "interface"}, {"_type": "tag", "name": "message", "path": "/home/kavia/workspace/code-generation/sample-login-19753-21122/AngularFrontend/src/app/core/api-types.ts", "pattern": "/^  message: string;$/", "language": "TypeScript", "kind": "property", "scope": "ResetPasswordResponse", "scopeKind": "interface"}, {"_type": "tag", "name": "newPassword", "path": "/home/kavia/workspace/code-generation/sample-login-19753-21122/AngularFrontend/src/app/core/api-types.ts", "pattern": "/^  newPassword: string;$/", "language": "TypeScript", "kind": "property", "scope": "ResetPasswordRequest", "scopeKind": "interface"}, {"_type": "tag", "name": "password", "path": "/home/kavia/workspace/code-generation/sample-login-19753-21122/AngularFrontend/src/app/core/api-types.ts", "pattern": "/^  password: string;$/", "language": "TypeScript", "kind": "property", "scope": "LoginRequest", "scopeKind": "interface"}, {"_type": "tag", "name": "status", "path": "/home/kavia/workspace/code-generation/sample-login-19753-21122/AngularFrontend/src/app/core/api-types.ts", "pattern": "/^  status?: number;$/", "language": "TypeScript", "kind": "property", "scope": "ErrorResponse", "scopeKind": "interface"}, {"_type": "tag", "name": "token", "path": "/home/kavia/workspace/code-generation/sample-login-19753-21122/AngularFrontend/src/app/core/api-types.ts", "pattern": "/^  token: string;$/", "language": "TypeScript", "kind": "property", "scope": "LoginResponse", "scopeKind": "interface"}, {"_type": "tag", "name": "token", "path": "/home/kavia/workspace/code-generation/sample-login-19753-21122/AngularFrontend/src/app/core/api-types.ts", "pattern": "/^  token: string;$/", "language": "TypeScript", "kind": "property", "scope": "ResetPasswordRequest", "scopeKind": "interface"}, {"_type": "tag", "name": "userData", "path": "/home/kavia/workspace/code-generation/sample-login-19753-21122/AngularFrontend/src/app/core/api-types.ts", "pattern": "/^  userData: Record<string, unknown>;$/", "language": "TypeScript", "kind": "property", "scope": "DashboardResponse", "scopeKind": "interface"}, {"_type": "tag", "name": "username", "path": "/home/kavia/workspace/code-generation/sample-login-19753-21122/AngularFrontend/src/app/core/api-types.ts", "pattern": "/^  username: string;$/", "language": "TypeScript", "kind": "property", "scope": "LoginRequest", "scopeKind": "interface"}], "format": "TypeScript", "hash": "535434780a5f8da5fd42dc49ca43e14d", "format-version": 4, "code-base-name": "AngularFrontend", "filename": "AngularFrontend/src/app/core/api-types.ts", "knowledge_revision": 7}