{"is_source_file": true, "format": "TypeScript", "description": "This file defines various TypeScript interfaces for request and response data structures used in API communications related to authentication and user dashboard features.", "external_files": [], "external_methods": [], "published": ["LoginRequest", "LoginResponse", "ForgotPasswordRequest", "ForgotPasswordResponse", "ResetPasswordRequest", "ResetPasswordResponse", "LogoutResponse", "DashboardResponse", "ErrorResponse"], "classes": [], "methods": [], "calls": [], "search-terms": ["LoginRequest", "ResetPassword", "Auth", "API types", "TypeScript interfaces", "User authentication", "Response types"], "state": 2, "file_id": 3, "knowledge_revision": 22, "git_revision": "572d1492b8f8014349a5049ff496bf53090f88a6", "ctags": [{"_type": "tag", "name": "DashboardResponse", "path": "/home/kavia/workspace/code-generation/sample-login-19753-21122/AngularFrontend/src/app/core/api-types.ts", "pattern": "/^export interface DashboardResponse {$/", "language": "TypeScript", "kind": "interface"}, {"_type": "tag", "name": "ErrorResponse", "path": "/home/kavia/workspace/code-generation/sample-login-19753-21122/AngularFrontend/src/app/core/api-types.ts", "pattern": "/^export interface ErrorResponse {$/", "language": "TypeScript", "kind": "interface"}, {"_type": "tag", "name": "ForgotPasswordRequest", "path": "/home/kavia/workspace/code-generation/sample-login-19753-21122/AngularFrontend/src/app/core/api-types.ts", "pattern": "/^export interface ForgotPasswordRequest {$/", "language": "TypeScript", "kind": "interface"}, {"_type": "tag", "name": "ForgotPasswordResponse", "path": "/home/kavia/workspace/code-generation/sample-login-19753-21122/AngularFrontend/src/app/core/api-types.ts", "pattern": "/^export interface ForgotPasswordResponse {$/", "language": "TypeScript", "kind": "interface"}, {"_type": "tag", "name": "LoginRequest", "path": "/home/kavia/workspace/code-generation/sample-login-19753-21122/AngularFrontend/src/app/core/api-types.ts", "pattern": "/^export interface LoginRequest {$/", "language": "TypeScript", "kind": "interface"}, {"_type": "tag", "name": "LoginResponse", "path": "/home/kavia/workspace/code-generation/sample-login-19753-21122/AngularFrontend/src/app/core/api-types.ts", "pattern": "/^export interface LoginResponse {$/", "language": "TypeScript", "kind": "interface"}, {"_type": "tag", "name": "LogoutResponse", "path": "/home/kavia/workspace/code-generation/sample-login-19753-21122/AngularFrontend/src/app/core/api-types.ts", "pattern": "/^export interface LogoutResponse {$/", "language": "TypeScript", "kind": "interface"}, {"_type": "tag", "name": "ResetPasswordRequest", "path": "/home/kavia/workspace/code-generation/sample-login-19753-21122/AngularFrontend/src/app/core/api-types.ts", "pattern": "/^export interface ResetPasswordRequest {$/", "language": "TypeScript", "kind": "interface"}, {"_type": "tag", "name": "ResetPasswordResponse", "path": "/home/kavia/workspace/code-generation/sample-login-19753-21122/AngularFrontend/src/app/core/api-types.ts", "pattern": "/^export interface ResetPasswordResponse {$/", "language": "TypeScript", "kind": "interface"}, {"_type": "tag", "name": "email", "path": "/home/kavia/workspace/code-generation/sample-login-19753-21122/AngularFrontend/src/app/core/api-types.ts", "pattern": "/^  email: string;$/", "language": "TypeScript", "kind": "property", "scope": "ForgotPasswordRequest", "scopeKind": "interface"}, {"_type": "tag", "name": "error", "path": "/home/kavia/workspace/code-generation/sample-login-19753-21122/AngularFrontend/src/app/core/api-types.ts", "pattern": "/^  error?: {$/", "language": "TypeScript", "kind": "property", "scope": "ErrorResponse", "scopeKind": "interface"}, {"_type": "tag", "name": "expiresIn", "path": "/home/kavia/workspace/code-generation/sample-login-19753-21122/AngularFrontend/src/app/core/api-types.ts", "pattern": "/^  expiresIn: number;$/", "language": "TypeScript", "kind": "property", "scope": "LoginResponse", "scopeKind": "interface"}, {"_type": "tag", "name": "message", "path": "/home/kavia/workspace/code-generation/sample-login-19753-21122/AngularFrontend/src/app/core/api-types.ts", "pattern": "/^  message: string;$/", "language": "TypeScript", "kind": "property", "scope": "ForgotPasswordResponse", "scopeKind": "interface"}, {"_type": "tag", "name": "message", "path": "/home/kavia/workspace/code-generation/sample-login-19753-21122/AngularFrontend/src/app/core/api-types.ts", "pattern": "/^  message: string;$/", "language": "TypeScript", "kind": "property", "scope": "LogoutResponse", "scopeKind": "interface"}, {"_type": "tag", "name": "message", "path": "/home/kavia/workspace/code-generation/sample-login-19753-21122/AngularFrontend/src/app/core/api-types.ts", "pattern": "/^  message: string;$/", "language": "TypeScript", "kind": "property", "scope": "ResetPasswordResponse", "scopeKind": "interface"}, {"_type": "tag", "name": "newPassword", "path": "/home/kavia/workspace/code-generation/sample-login-19753-21122/AngularFrontend/src/app/core/api-types.ts", "pattern": "/^  newPassword: string;$/", "language": "TypeScript", "kind": "property", "scope": "ResetPasswordRequest", "scopeKind": "interface"}, {"_type": "tag", "name": "password", "path": "/home/kavia/workspace/code-generation/sample-login-19753-21122/AngularFrontend/src/app/core/api-types.ts", "pattern": "/^  password: string;$/", "language": "TypeScript", "kind": "property", "scope": "LoginRequest", "scopeKind": "interface"}, {"_type": "tag", "name": "status", "path": "/home/kavia/workspace/code-generation/sample-login-19753-21122/AngularFrontend/src/app/core/api-types.ts", "pattern": "/^  status?: number;$/", "language": "TypeScript", "kind": "property", "scope": "ErrorResponse", "scopeKind": "interface"}, {"_type": "tag", "name": "token", "path": "/home/kavia/workspace/code-generation/sample-login-19753-21122/AngularFrontend/src/app/core/api-types.ts", "pattern": "/^  token: string;$/", "language": "TypeScript", "kind": "property", "scope": "LoginResponse", "scopeKind": "interface"}, {"_type": "tag", "name": "token", "path": "/home/kavia/workspace/code-generation/sample-login-19753-21122/AngularFrontend/src/app/core/api-types.ts", "pattern": "/^  token: string;$/", "language": "TypeScript", "kind": "property", "scope": "ResetPasswordRequest", "scopeKind": "interface"}, {"_type": "tag", "name": "userData", "path": "/home/kavia/workspace/code-generation/sample-login-19753-21122/AngularFrontend/src/app/core/api-types.ts", "pattern": "/^  userData: Record<string, unknown>;$/", "language": "TypeScript", "kind": "property", "scope": "DashboardResponse", "scopeKind": "interface"}, {"_type": "tag", "name": "username", "path": "/home/kavia/workspace/code-generation/sample-login-19753-21122/AngularFrontend/src/app/core/api-types.ts", "pattern": "/^  username: string;$/", "language": "TypeScript", "kind": "property", "scope": "LoginRequest", "scopeKind": "interface"}], "hash": "535434780a5f8da5fd42dc49ca43e14d", "format-version": 4, "code-base-name": "AngularFrontend", "filename": "AngularFrontend/src/app/core/api-types.ts", "fields": [{"name": "export interface DashboardResponse {", "scope": "", "scopeKind": "", "description": "unavailable"}, {"name": "export interface ErrorResponse {", "scope": "", "scopeKind": "", "description": "unavailable"}, {"name": "export interface ForgotPasswordRequest {", "scope": "", "scopeKind": "", "description": "unavailable"}, {"name": "export interface ForgotPasswordResponse {", "scope": "", "scopeKind": "", "description": "unavailable"}, {"name": "export interface LoginRequest {", "scope": "", "scopeKind": "", "description": "unavailable"}, {"name": "export interface LoginResponse {", "scope": "", "scopeKind": "", "description": "unavailable"}, {"name": "export interface LogoutResponse {", "scope": "", "scopeKind": "", "description": "unavailable"}, {"name": "export interface ResetPasswordRequest {", "scope": "", "scopeKind": "", "description": "unavailable"}, {"name": "export interface ResetPasswordResponse {", "scope": "", "scopeKind": "", "description": "unavailable"}, {"name": "email: string;", "scope": "ForgotPasswordRequest", "scopeKind": "interface", "description": "unavailable"}, {"name": "error?: {", "scope": "ErrorResponse", "scopeKind": "interface", "description": "unavailable"}, {"name": "expiresIn: number;", "scope": "LoginResponse", "scopeKind": "interface", "description": "unavailable"}, {"name": "message: string;", "scope": "ForgotPasswordResponse", "scopeKind": "interface", "description": "unavailable"}, {"name": "newPassword: string;", "scope": "ResetPasswordRequest", "scopeKind": "interface", "description": "unavailable"}, {"name": "password: string;", "scope": "LoginRequest", "scopeKind": "interface", "description": "unavailable"}, {"name": "status?: number;", "scope": "ErrorResponse", "scopeKind": "interface", "description": "unavailable"}, {"name": "token: string;", "scope": "LoginResponse", "scopeKind": "interface", "description": "unavailable"}, {"name": "userData: Record<string, unknown>;", "scope": "DashboardResponse", "scopeKind": "interface", "description": "unavailable"}, {"name": "username: string;", "scope": "LoginRequest", "scopeKind": "interface", "description": "unavailable"}], "revision_history": [{"22": "572d1492b8f8014349a5049ff496bf53090f88a6"}]}