{"is_source_file": true, "format": "TypeScript", "description": "This file defines the main application component for an Angular frontend, handling user authentication status and logout functionality.", "external_files": ["./core/auth.service", "./app.component.html", "./app.component.css"], "external_methods": ["AuthService.loggedIn$", "AuthService.logout", "Router.navigateByUrl"], "published": ["AppComponent"], "classes": [{"name": "AppComponent", "description": "Main application component managing user session status and logout process."}], "methods": [{"name": "onLogout", "description": "Handles user logout process, updating UI state and routing."}], "calls": ["this.auth.logout", "this.router.navigateByUrl"], "search-terms": ["Angular app component", "logout handling", "AuthService", "Angular router", "standalone component"], "state": 2, "file_id": 17, "knowledge_revision": 41, "git_revision": "572d1492b8f8014349a5049ff496bf53090f88a6", "ctags": [{"_type": "tag", "name": "AppComponent", "path": "/home/kavia/workspace/code-generation/sample-login-19753-21122/AngularFrontend/src/app/app.component.ts", "pattern": "/^export class AppComponent {$/", "language": "TypeScript", "kind": "class"}, {"_type": "tag", "name": "auth", "path": "/home/kavia/workspace/code-generation/sample-login-19753-21122/AngularFrontend/src/app/app.component.ts", "pattern": "/^  private readonly auth = inject(AuthService);$/", "language": "TypeScript", "kind": "property", "scope": "AppComponent", "scopeKind": "class"}], "hash": "ebc48d82bc212e84d61eb583d730ada6", "format-version": 4, "code-base-name": "AngularFrontend", "filename": "AngularFrontend/src/app/app.component.ts", "fields": [{"name": "private readonly auth = inject(AuthService);", "scope": "AppComponent", "scopeKind": "class", "description": "unavailable"}], "revision_history": [{"41": "572d1492b8f8014349a5049ff496bf53090f88a6"}]}