{"is_source_file": false, "format": "", "description": "", "external_files": [], "external_methods": [], "published": [], "classes": [], "methods": [], "calls": [], "search-terms": [], "state": 2, "file_id": 12, "knowledge_revision": 36, "git_revision": "572d1492b8f8014349a5049ff496bf53090f88a6", "hash": "bc6eb4676f9e95173ccc5fa95e02f207", "format-version": 4, "code-base-name": "AngularFrontend", "filename": "AngularFrontend/src/app/pages/reset-password/reset-password.component.html", "revision_history": [{"36": "572d1492b8f8014349a5049ff496bf53090f88a6"}]}