{"is_source_file": false, "format": "", "description": "", "external_files": [], "external_methods": [], "published": [], "classes": [], "methods": [], "calls": [], "search-terms": [], "state": 2, "file_id": 8, "knowledge_revision": 32, "git_revision": "572d1492b8f8014349a5049ff496bf53090f88a6", "hash": "66e47c521134fb65167253199d30d996", "format-version": 4, "code-base-name": "AngularFrontend", "filename": "AngularFrontend/src/app/pages/login/login.component.html", "revision_history": [{"32": "572d1492b8f8014349a5049ff496bf53090f88a6"}]}