{"is_source_file": true, "format": "TypeScript (Angular component)", "description": "This file defines an Angular standalone component for the 'Forgot Password' page, including form handling, focus management, and interaction with an authentication service.", "external_files": ["./forgot-password.component.html"], "external_methods": ["AuthService.forgotPassword"], "published": ["ForgotPasswordComponent"], "classes": [{"name": "ForgotPasswordComponent", "description": "Angular component handling the forgot password functionality, including form validation, focus management, and API interaction."}], "methods": [{"name": "ngAfterViewInit", "description": "Sets focus to the page title element after the view initializes."}, {"name": "onSubmit", "description": "Handles form submission, performs validation, calls the auth service to request password reset, and manages success/error messages."}, {"name": "fieldError", "description": "Provides validation error messages related to the email input field."}], "calls": ["this.auth.forgotPassword", "this.form.markAllAsTouched"], "search-terms": ["ForgotPasswordComponent", "auth service password reset", "Angular reactive form", "focus management Angular", "password reset form"], "state": 2, "file_id": 9, "knowledge_revision": 33, "git_revision": "572d1492b8f8014349a5049ff496bf53090f88a6", "ctags": [{"_type": "tag", "name": "ForgotPasswordComponent", "path": "/home/kavia/workspace/code-generation/sample-login-19753-21122/AngularFrontend/src/app/pages/forgot-password/forgot-password.component.ts", "pattern": "/^export class ForgotPasswordComponent {$/", "language": "TypeScript", "kind": "class"}, {"_type": "tag", "name": "auth", "path": "/home/kavia/workspace/code-generation/sample-login-19753-21122/AngularFrontend/src/app/pages/forgot-password/forgot-password.component.ts", "pattern": "/^  private readonly auth = inject(AuthService);$/", "language": "TypeScript", "kind": "property", "scope": "ForgotPasswordComponent", "scopeKind": "class"}, {"_type": "tag", "name": "c", "path": "/home/kavia/workspace/code-generation/sample-login-19753-21122/AngularFrontend/src/app/pages/forgot-password/forgot-password.component.ts", "pattern": "/^    const c = this.form.controls.email;$/", "language": "TypeScript", "kind": "constant"}, {"_type": "tag", "name": "payload", "path": "/home/kavia/workspace/code-generation/sample-login-19753-21122/AngularFrontend/src/app/pages/forgot-password/forgot-password.component.ts", "pattern": "/^    const payload = this.form.getRawValue();$/", "language": "TypeScript", "kind": "constant"}], "hash": "f1f48be86e24f54f65b3e2c31b34662e", "format-version": 4, "code-base-name": "AngularFrontend", "filename": "AngularFrontend/src/app/pages/forgot-password/forgot-password.component.ts", "fields": [{"name": "private readonly auth = inject(AuthService);", "scope": "ForgotPasswordComponent", "scopeKind": "class", "description": "unavailable"}], "revision_history": [{"33": "572d1492b8f8014349a5049ff496bf53090f88a6"}]}