{"is_source_file": true, "format": "TypeScript", "description": "This file defines environment-specific configuration settings for an Angular frontend application, specifically setting the base URL for backend API calls.", "external_files": [], "external_methods": [], "published": ["environment"], "classes": [], "methods": [], "calls": [], "search-terms": ["environment", "apiBaseUrl", "Angular", "environment.ts"], "state": 2, "file_id": 2, "knowledge_revision": 10, "git_revision": "572d1492b8f8014349a5049ff496bf53090f88a6", "ctags": [{"_type": "tag", "name": "environment", "path": "/home/kavia/workspace/code-generation/sample-login-19753-21122/AngularFrontend/src/environments/environment.ts", "pattern": "/^export const environment = {$/", "language": "TypeScript", "kind": "constant"}], "hash": "e95bc993ef421a31aa1bf1c796b6ccf2", "format-version": 4, "code-base-name": "AngularFrontend", "filename": "AngularFrontend/src/environments/environment.ts", "revision_history": [{"10": "572d1492b8f8014349a5049ff496bf53090f88a6"}]}