{"is_source_file": true, "format": "TypeScript", "description": "This file sets up the application configuration for an Angular project, defining providers such as zone change detection, routing, and HTTP client with interceptors.", "external_files": ["@angular/core", "@angular/router", "@angular/common/http", "./app.routes", "./core/auth.interceptor"], "external_methods": ["provideZoneChangeDetection", "provideRouter", "provideHttpClient", "withInterceptors"], "published": ["appConfig"], "classes": [], "methods": [{"name": "provideZoneChangeDetection", "description": "Configures Angular to optimize zone change detection with event coalescing."}, {"name": "provideRouter", "description": "Sets up Angular's router with given routes."}, {"name": "provideHttpClient", "description": "Configures Angular's HTTP client with optional interceptors."}, {"name": "withInterceptors", "description": "Wraps HTTP interceptors for use with Angular's HTTP client."}], "calls": ["provideZoneChangeDetection({ eventCoalescing: true })", "provideRouter(routes)", "provideHttpClient(withInterceptors([authInterceptor]))"], "search-terms": ["Angular app configuration", "ApplicationConfig", "provideHttpClient", "authInterceptor", "app.routes"], "state": 2, "file_id": 16, "knowledge_revision": 40, "git_revision": "572d1492b8f8014349a5049ff496bf53090f88a6", "ctags": [{"_type": "tag", "name": "appConfig", "path": "/home/kavia/workspace/code-generation/sample-login-19753-21122/AngularFrontend/src/app/app.config.ts", "pattern": "/^export const appConfig: ApplicationConfig = {$/", "language": "TypeScript", "kind": "constant"}], "hash": "4288685e912ca3e17f72c9345f3a5a8e", "format-version": 4, "code-base-name": "AngularFrontend", "filename": "AngularFrontend/src/app/app.config.ts", "revision_history": [{"40": "572d1492b8f8014349a5049ff496bf53090f88a6"}]}