{"is_source_file": true, "file_id": 2, "git_revision": "", "state": 1, "description": "", "external_files": [], "external_methods": [], "published": [], "classes": [], "methods": [], "calls": [], "search-terms": [], "ctags": [{"_type": "tag", "name": "environment", "path": "/home/kavia/workspace/code-generation/sample-login-19753-21122/AngularFrontend/src/environments/environment.ts", "pattern": "/^export const environment = {$/", "language": "TypeScript", "kind": "constant"}], "format": "TypeScript", "hash": "e95bc993ef421a31aa1bf1c796b6ccf2", "format-version": 4, "code-base-name": "AngularFrontend", "filename": "AngularFrontend/src/environments/environment.ts", "knowledge_revision": 6}