{"is_source_file": false, "format": "", "description": "", "external_files": [], "external_methods": [], "published": [], "classes": [], "methods": [], "calls": [], "search-terms": [], "state": 2, "file_id": 10, "knowledge_revision": 34, "git_revision": "572d1492b8f8014349a5049ff496bf53090f88a6", "hash": "f02a81b21474962707b5b96aa253a35a", "format-version": 4, "code-base-name": "AngularFrontend", "filename": "AngularFrontend/src/app/pages/forgot-password/forgot-password.component.html", "revision_history": [{"34": "572d1492b8f8014349a5049ff496bf53090f88a6"}]}