{"is_source_file": false, "format": "", "description": "", "external_files": [], "external_methods": [], "published": [], "classes": [], "methods": [], "calls": [], "search-terms": [], "state": 2, "file_id": 19, "knowledge_revision": 43, "git_revision": "572d1492b8f8014349a5049ff496bf53090f88a6", "hash": "0053ec8b4724fe7072cc48fe41772071", "format-version": 4, "code-base-name": "AngularFrontend", "filename": "AngularFrontend/src/app/app.component.css", "revision_history": [{"43": "572d1492b8f8014349a5049ff496bf53090f88a6"}]}