{"is_source_file": true, "format": "TypeScript (Angular component)", "description": "This file defines an Angular component for a password reset page, including form validation, interacting with authentication service, and handling user input for resetting passwords.", "external_files": ["./reset-password.component.html"], "external_methods": ["AuthService.resetPassword", "Router.navigateByUrl"], "published": ["ResetPasswordComponent"], "classes": [{"name": "ResetPasswordComponent", "description": "Angular component for handling user password reset process, including form validation, token management, and interaction with authentication API."}], "methods": [{"name": "ngOnInit", "description": "Initializes component, retrieves reset token from URL parameters."}, {"name": "ngAfterViewInit", "description": "Sets focus to the page title element after view initialization."}, {"name": "onSubmit", "description": "Handles form submission, performs validation, calls the auth service to reset password, provides user feedback, and redirects upon success."}, {"name": "newPasswordError", "description": "Returns validation error message for the new password input."}, {"name": "confirmPasswordError", "description": "Returns validation error message for the confirm password input."}, {"name": "function passwordsMatchValidator(group: AbstractControl): ValidationErrors | null { passwordsMatchValidator", "scope": "", "scopeKind": "", "description": "unavailable"}], "calls": ["this.auth.resetPassword", "this.router.navigateByUrl", "setTimeout"], "search-terms": ["reset-password component", "Angular password reset", "password validation", "reset token handling", "AuthService resetPassword"], "state": 2, "file_id": 11, "knowledge_revision": 35, "git_revision": "572d1492b8f8014349a5049ff496bf53090f88a6", "ctags": [{"_type": "tag", "name": "ResetPasswordComponent", "path": "/home/kavia/workspace/code-generation/sample-login-19753-21122/AngularFrontend/src/app/pages/reset-password/reset-password.component.ts", "pattern": "/^export class ResetPasswordComponent {$/", "language": "TypeScript", "kind": "class"}, {"_type": "tag", "name": "auth", "path": "/home/kavia/workspace/code-generation/sample-login-19753-21122/AngularFrontend/src/app/pages/reset-password/reset-password.component.ts", "pattern": "/^  private readonly auth = inject(AuthService);$/", "language": "TypeScript", "kind": "property", "scope": "ResetPasswordComponent", "scopeKind": "class"}, {"_type": "tag", "name": "c", "path": "/home/kavia/workspace/code-generation/sample-login-19753-21122/AngularFrontend/src/app/pages/reset-password/reset-password.component.ts", "pattern": "/^    const c = this.form.controls.confirmPassword;$/", "language": "TypeScript", "kind": "constant"}, {"_type": "tag", "name": "c", "path": "/home/kavia/workspace/code-generation/sample-login-19753-21122/AngularFrontend/src/app/pages/reset-password/reset-password.component.ts", "pattern": "/^    const c = this.form.controls.newPassword;$/", "language": "TypeScript", "kind": "constant"}, {"_type": "tag", "name": "confirmPassword", "path": "/home/kavia/workspace/code-generation/sample-login-19753-21122/AngularFrontend/src/app/pages/reset-password/reset-password.component.ts", "pattern": "/^  const confirmPassword = g.get('confirmPassword')?.value;$/", "language": "TypeScript", "kind": "constant", "scope": "passwordsMatchValidator", "scopeKind": "function"}, {"_type": "tag", "name": "g", "path": "/home/kavia/workspace/code-generation/sample-login-19753-21122/AngularFrontend/src/app/pages/reset-password/reset-password.component.ts", "pattern": "/^  const g = group as FormGroup;$/", "language": "TypeScript", "kind": "constant", "scope": "passwordsMatchValidator", "scopeKind": "function"}, {"_type": "tag", "name": "newPassword", "path": "/home/kavia/workspace/code-generation/sample-login-19753-21122/AngularFrontend/src/app/pages/reset-password/reset-password.component.ts", "pattern": "/^    const { newPassword } = this.form.getRawValue();$/", "language": "TypeScript", "kind": "constant"}, {"_type": "tag", "name": "newPassword", "path": "/home/kavia/workspace/code-generation/sample-login-19753-21122/AngularFrontend/src/app/pages/reset-password/reset-password.component.ts", "pattern": "/^  const newPassword = g.get('newPassword')?.value;$/", "language": "TypeScript", "kind": "constant", "scope": "passwordsMatchValidator", "scopeKind": "function"}, {"_type": "tag", "name": "passwordsMatchValidator", "path": "/home/kavia/workspace/code-generation/sample-login-19753-21122/AngularFrontend/src/app/pages/reset-password/reset-password.component.ts", "pattern": "/^function passwordsMatchValidator(group: AbstractControl): ValidationErrors | null {$/", "language": "TypeScript", "kind": "function"}], "hash": "9c9d08671e1cf3d8a3dd542567aa8e53", "format-version": 4, "code-base-name": "AngularFrontend", "filename": "AngularFrontend/src/app/pages/reset-password/reset-password.component.ts", "fields": [{"name": "private readonly auth = inject(AuthService);", "scope": "ResetPasswordComponent", "scopeKind": "class", "description": "unavailable"}], "revision_history": [{"35": "572d1492b8f8014349a5049ff496bf53090f88a6"}]}