{"is_source_file": true, "format": "TypeScript", "description": "This file defines an Angular route guard function named authGuard that protects routes requiring authentication. It uses Angular's dependency injection to access an AuthService and Router, and redirects unauthenticated users to a login page with the original URL stored as a query parameter.", "external_files": ["./auth.service", "@angular/core", "@angular/router"], "external_methods": ["inject", "Router.createUrlTree"], "published": ["authGuard"], "classes": [], "methods": [], "calls": ["inject(AuthService)", "inject(Router)", "auth.isLoggedIn()", "router.createUrlTree"], "search-terms": ["authGuard", "Angular route guard", "AuthService", "protected routes", "login redirect"], "state": 2, "file_id": 6, "knowledge_revision": 30, "git_revision": "572d1492b8f8014349a5049ff496bf53090f88a6", "ctags": [{"_type": "tag", "name": "authGuard", "path": "/home/kavia/workspace/code-generation/sample-login-19753-21122/AngularFrontend/src/app/core/auth.guard.ts", "pattern": "/^export const authGuard: CanActivateFn = (_route, state) => {$/", "language": "TypeScript", "kind": "constant"}], "hash": "8d562ad38e1860d3af31a663ea496fdd", "format-version": 4, "code-base-name": "AngularFrontend", "filename": "AngularFrontend/src/app/core/auth.guard.ts", "revision_history": [{"30": "572d1492b8f8014349a5049ff496bf53090f88a6"}]}