{"is_source_file": true, "format": "TypeScript", "description": "Angular component for the dashboard page, including dependency injection, lifecycle hooks, and data loading logic.", "external_files": ["../../core/auth.service.html", "./dashboard.component.html"], "external_methods": ["AuthService.getDashboard"], "published": ["DashboardComponent"], "classes": [{"name": "DashboardComponent", "description": "Angular component responsible for displaying the user dashboard, including loading user data and handling errors."}], "methods": [{"name": "ngOnInit", "description": "Lifecycle hook that initializes data loading when the component is created."}, {"name": "ngAfterViewInit", "description": "Lifecycle hook that sets focus on the page title element after the view has been initialized."}, {"name": "load", "description": "Method that retrieves dashboard data from AuthService and updates component state accordingly."}], "calls": ["this.auth.getDashboard()"], "search-terms": ["AngularDashboardComponent", "AuthService", "load()", "dashboard.page"], "state": 2, "file_id": 13, "knowledge_revision": 37, "git_revision": "572d1492b8f8014349a5049ff496bf53090f88a6", "ctags": [{"_type": "tag", "name": "DashboardComponent", "path": "/home/kavia/workspace/code-generation/sample-login-19753-21122/AngularFrontend/src/app/pages/dashboard/dashboard.component.ts", "pattern": "/^export class DashboardComponent {$/", "language": "TypeScript", "kind": "class"}, {"_type": "tag", "name": "auth", "path": "/home/kavia/workspace/code-generation/sample-login-19753-21122/AngularFrontend/src/app/pages/dashboard/dashboard.component.ts", "pattern": "/^  private readonly auth = inject(AuthService);$/", "language": "TypeScript", "kind": "property", "scope": "DashboardComponent", "scopeKind": "class"}], "hash": "896f36f9f74bedd881a9db7ae709c259", "format-version": 4, "code-base-name": "AngularFrontend", "filename": "AngularFrontend/src/app/pages/dashboard/dashboard.component.ts", "fields": [{"name": "private readonly auth = inject(AuthService);", "scope": "DashboardComponent", "scopeKind": "class", "description": "unavailable"}], "revision_history": [{"37": "572d1492b8f8014349a5049ff496bf53090f88a6"}]}