{"is_source_file": true, "format": "TypeScript", "description": "This file defines the routing configuration for an Angular application's frontend, specifying various application paths, components, guards, and redirect logic.", "external_files": ["@angular/router", "./core/auth.guard", "./core/auth.service", "./pages/login/login.component", "./pages/forgot-password/forgot-password.component", "./pages/reset-password/reset-password.component", "./pages/dashboard/dashboard.component"], "external_methods": ["Routes", "inject", "import (dynamic import for components)", "authGuard"], "published": ["routes"], "classes": [], "methods": [{"name": "loadComponent", "description": "Dynamically imports and loads the specified component when the route is activated."}, {"name": "inject", "description": "Function used to inject Angular services like AuthService and Router within route guards."}], "calls": ["import", "inject", "router.createUrlTree", "auth.isLoggedIn"], "search-terms": ["Angular route configuration", "authGuard", "dynamic component loading", "route redirect", "inject function", "login route", "dashboard route", "Angular router"], "state": 2, "file_id": 15, "knowledge_revision": 39, "git_revision": "572d1492b8f8014349a5049ff496bf53090f88a6", "ctags": [{"_type": "tag", "name": "routes", "path": "/home/kavia/workspace/code-generation/sample-login-19753-21122/AngularFrontend/src/app/app.routes.ts", "pattern": "/^export const routes: Routes = [$/", "language": "TypeScript", "kind": "constant"}], "hash": "7badc9ecf4a30795a8f0802f30fdef76", "format-version": 4, "code-base-name": "AngularFrontend", "filename": "AngularFrontend/src/app/app.routes.ts", "revision_history": [{"39": "572d1492b8f8014349a5049ff496bf53090f88a6"}]}