{"is_source_file": false, "format": "", "description": "", "external_files": [], "external_methods": [], "published": [], "classes": [], "methods": [], "calls": [], "search-terms": [], "state": 2, "file_id": 14, "knowledge_revision": 38, "git_revision": "572d1492b8f8014349a5049ff496bf53090f88a6", "hash": "040f9aae5e7bfe3bcf61f353381c2355", "format-version": 4, "code-base-name": "AngularFrontend", "filename": "AngularFrontend/src/app/pages/dashboard/dashboard.component.html", "revision_history": [{"38": "572d1492b8f8014349a5049ff496bf53090f88a6"}]}