{"is_source_file": false, "format": "", "description": "", "external_files": [], "external_methods": [], "published": [], "classes": [], "methods": [], "calls": [], "search-terms": [], "state": 2, "file_id": 18, "knowledge_revision": 42, "git_revision": "572d1492b8f8014349a5049ff496bf53090f88a6", "hash": "ace8e5109f199b4575098f6d42455634", "format-version": 4, "code-base-name": "AngularFrontend", "filename": "AngularFrontend/src/app/app.component.html", "revision_history": [{"42": "572d1492b8f8014349a5049ff496bf53090f88a6"}]}