{"is_source_file": true, "file_id": 2, "git_revision": "45d55c98811aa9f503ae9e7dd3b0eaa50d9565fb", "state": 3, "description": "", "external_files": [], "external_methods": [], "published": [], "classes": [], "methods": [], "calls": [], "search-terms": [], "ctags": [{"_type": "tag", "name": "exports", "path": "/home/kavia/workspace/code-generation/sample-login-19753-21122/AngularFrontend/jest.smoke.config.js", "pattern": "/^module.exports={testEnvironment:'node',testMatch:['**\\/test\\/*.test.js']};$/", "language": "JavaScript", "kind": "class", "scope": "module", "scopeKind": "class"}, {"_type": "tag", "name": "testEnvironment", "path": "/home/kavia/workspace/code-generation/sample-login-19753-21122/AngularFrontend/jest.smoke.config.js", "pattern": "/^module.exports={testEnvironment:'node',testMatch:['**\\/test\\/*.test.js']};$/", "language": "JavaScript", "kind": "property", "scope": "module.exports", "scopeKind": "class"}, {"_type": "tag", "name": "testMatch", "path": "/home/kavia/workspace/code-generation/sample-login-19753-21122/AngularFrontend/jest.smoke.config.js", "pattern": "/^module.exports={testEnvironment:'node',testMatch:['**\\/test\\/*.test.js']};$/", "language": "JavaScript", "kind": "property", "scope": "module.exports", "scopeKind": "class"}], "format": "JavaScript", "hash": "b5672855fee4a0761e31bbbb749fba59", "format-version": 4, "code-base-name": "AngularFrontend", "filename": "AngularFrontend/jest.smoke.config.js", "knowledge_revision": 5}