{"is_source_file": true, "format": "TypeScript", "description": "This file defines an HTTP interceptor in Angular that automatically attaches a Bearer token for authorization when a token is available. It imports Angular core features, HTTP interceptor functions, and an authentication service, and exports an interceptor function that clones requests to include authorization headers.", "external_files": ["@angular/core", "@angular/common/http", "./auth.service"], "external_methods": ["inject", "HttpInterceptorFn", "auth.getToken", "req.clone"], "published": ["authInterceptor"], "classes": [], "methods": [], "calls": ["inject", "auth.getToken", "req.headers.has", "next(req)", "req.clone", "next(authReq)"], "search-terms": ["auth interceptor", "Angular HTTP interceptor", "Bearer token", "auth.service", "Authorization header"], "state": 2, "file_id": 5, "knowledge_revision": 29, "git_revision": "572d1492b8f8014349a5049ff496bf53090f88a6", "ctags": [{"_type": "tag", "name": "authInterceptor", "path": "/home/kavia/workspace/code-generation/sample-login-19753-21122/AngularFrontend/src/app/core/auth.interceptor.ts", "pattern": "/^export const authInterceptor: HttpInterceptorFn = (req, next) => {$/", "language": "TypeScript", "kind": "constant"}, {"_type": "tag", "name": "authReq", "path": "/home/kavia/workspace/code-generation/sample-login-19753-21122/AngularFrontend/src/app/core/auth.interceptor.ts", "pattern": "/^  const authReq = req.clone({$/", "language": "TypeScript", "kind": "constant"}], "hash": "64d1cad851cfd79bc8e35538cd30b3bb", "format-version": 4, "code-base-name": "AngularFrontend", "filename": "AngularFrontend/src/app/core/auth.interceptor.ts", "revision_history": [{"29": "572d1492b8f8014349a5049ff496bf53090f88a6"}]}