{"is_source_file": false, "format": "", "description": "", "external_files": [], "external_methods": [], "published": [], "classes": [], "methods": [], "calls": [], "search-terms": [], "state": 2, "file_id": 21, "knowledge_revision": 45, "git_revision": "572d1492b8f8014349a5049ff496bf53090f88a6", "hash": "e633816d6f98145b434a6cb3789be29d", "format-version": 4, "code-base-name": "AngularFrontend", "filename": "AngularFrontend/package.json", "revision_history": [{"45": "572d1492b8f8014349a5049ff496bf53090f88a6"}]}